<?xml version="1.0" ?>
<TABLE>
<ENTRY>
<ID>CHEBI:86948</ID>
<NAME>syringyl alcohol</NAME>
<DEFINITION>A member of the class of phenols that is phenol substituted by a hydroxymethyl group at position 4 and methoxy groups at positions 2 and 6 respectively.</DEFINITION>
<STAR>3</STAR>
<SYNONYM>syringic alcohol</SYNONYM>
<SYNONYM>3,5-dimethoxy-4-hydroxy-benzylalcohol</SYNONYM>
<SYNONYM>2,6-dimethoxy-4-(hydroxymethyl)phenol</SYNONYM>
<IUPAC_NAME>4-(hydroxymethyl)-2,6-dimethoxyphenol</IUPAC_NAME>
<FORMULA>C9H12O4</FORMULA>
<MASS>184.18920</MASS>
<MONOISOTOPIC_MASS>184.07356</MONOISOTOPIC_MASS>
<CHARGE>0</CHARGE>
<SMILES>COc1cc(CO)cc(OC)c1O</SMILES>
<INCHI>InChI=1S/C9H12O4/c1-12-7-3-6(5-10)4-8(13-2)9(7)11/h3-4,10-11H,5H2,1-2H3</INCHI>
<INCHIKEY>LUOAEJWSKPQLJD-UHFFFAOYSA-N</INCHIKEY>
<CAS_REGISTRY_NUMBER>530-56-3</CAS_REGISTRY_NUMBER>
<REAXYS_REGISTRY_NUMBER>1873975</REAXYS_REGISTRY_NUMBER>
<CHEMIDPLUS>530-56-3</CHEMIDPLUS>
<AGRICOLA_CITATION>IND93026954</AGRICOLA_CITATION>
<PUBMED_CITATION>23576013</PUBMED_CITATION>
</ENTRY>
</TABLE>
